Workbook

Sheet Daftar Sarpras
A1: No | B1: Dawis / Wilayah | C1: Nama / Lokasi | D1: Sarpras | E1: Jumlah | F1: Alamat | G1: Keterangan
A2: 1 | B2: Dawis 1 | C2: Syafaat | D2: Bank Samor | E2: 1
A3: 2 | B3: Dawis 1 | C3: Djulaikah | D3: Bank Samor | E3: 1
A4: 3 | B4: Dawis 1 | C4: Muntama | D4: Tong Komposter | E4: 1
A5: 4 | B5: Dawis 1 | C5: Edy Turyono | D5: Compos Bag | E5: 1
A6: 5 | B6: Dawis 1 | C6: Pedagang Sosis | D6: Bank Samor | E6: 1
A7: 6 | B7: Dawis 1 | C7: Rahmat | D7: Compos Bag | E7: 1
A8: 7 | B8: Dawis 1 | C8: Ndang Kuswanda | D8: Compos Bag | E8: 1
A9: 8 | B9: Dawis 1 | C9: Hindarto | D9: Compos Bag | E9: 1
A10: 9 | B10: Dawis 1 | C10: Fasum - Lapangan depan | D10: Tong Komposter Lindi Jumbo | E10: 1 | F10: Lapangan depan | G10: Fasum
A11: 10 | B11: Dawis 1 | C11: Fasum - Lapangan depan | D11: Bank Samor | E11: 2 | F11: Lapangan depan | G11: Fasum
A12: 11 | B12: Dawis 1 | C12: Fasum - Pinggir got besar | D12: Bank Samor | E12: 4 | F12: Pinggir got besar | G12: Fasum; pembagian 2 dan 4 dari catatan asli perlu dikonfirmasi
A13: 12 | B13: Dawis 5 RT 1 | C13: Jojo N | D13: Compos Bag | E13: 1 | F13: A7/4
A14: 13 | B14: Dawis 5 RT 1 | C14: Astrid | D14: Compos Bag | E14: 2 | F14: A7/6
A15: 14 | B15: Dawis 5 RT 1 | C15: Astrid | D15: Eco Enzym | E15: 3 | F15: A7/6 | G15: 3 galon
A16: 15 | B16: Dawis 5 RT 1 | C16: Astrid | D16: Biopori | E16: 4 | F16: A7/6
A17: 16 | B17: Dawis 5 RT 1 | C17: Agus Purwanto | D17: Gallon Kura | E17: 2 | F17: A7/7 | G17: Pelapor data Dawis 5
A18: 17 | B18: Dawis 5 RT 1 | C18: Agus Purwanto | D18: Eco Enzym | E18: 3 | F18: A7/7
A19: 18 | B19: Dawis 5 RT 1 | C19: Agus Purwanto | D19: Tong Kura | E19: 1 | F19: A7/7
A20: 19 | B20: Dawis 5 RT 1 | C20: Hendro | D20: Compos Bag Jumbo | E20: 1 | F20: A7/8 | G20: Di catatan lain tertulis "Hendrix"
A21: 20 | B21: Dawis 5 RT 1 | C21: Indarto | D21: Compos Bag | E21: 2 | F21: A7/15
A22: 21 | B22: Dawis 5 RT 1 | C22: Indarto | D22: Karung Kura | F22: A7/15 | G22: Jumlah belum tercatat
A23: 22 | B23: Dawis 5 RT 1 | C23: Indarto | D23: Tong Kura | F23: A7/15 | G23: Jumlah belum tercatat
A24: 23 | B24: Dawis 5 RT 1 | C24: Akiat | D24: Compos Bag | E24: 1 | F24: A7/17
A25: 24 | B25: Dawis 5 RT 1 | C25: Fasum - pintu gerbang s/d batas fasum RT 02 | D25: Juglangan | E25: 5 | F25: Depan toko Bu Wiwik | G25: Fasum
A26: 25 | B26: Dawis 5 RT 1 | C26: Fasum - pintu gerbang s/d batas fasum RT 02 | D26: Bank Samor | E26: 6 | F26: Depan toko Bu Wiwik | G26: Fasum
A27: 26 | B27: Dawis 5 RT 1 | C27: Fasum - pintu gerbang s/d batas fasum RT 02 | D27: Compos Bag | E27: 4 | F27: Depan toko Bu Wiwik | G27: Fasum
A28: 27 | B28: Dawis 1 | C28: Urban Farming / Toga | D28: Urban Farming / Toga | E28: 1 | F28: A1/5
A29: 28 | B29: Dawis 1 | C29: Urban Farming / Toga | D29: Urban Farming / Toga | E29: 1 | F29: A1/7
A30: 29 | B30: Dawis 1 | C30: Urban Farming / Toga | D30: Urban Farming / Toga | E30: 1 | F30: A1/18
A31: 30 | B31: Dawis 1 | C31: Urban Farming / Toga | D31: Urban Farming / Toga | E31: 1 | F31: A1/24
A32: 31 | B32: Dawis 1 | C32: Urban Farming / Toga | D32: Urban Farming / Toga | E32: 1 | F32: A1/24 | G32: Dawis tidak tertulis jelas di catatan asli
A33: 32 | B33: Dawis 1 | C33: Urban Farming / Toga | D33: Urban Farming / Toga | E33: 1 | F33: A3/5 | G33: Urban farming
A34: 33 | B34: Dawis 1 | C34: Urban Farming / Toga | D34: Urban Farming / Toga | E34: 1 | F34: A3/13 | G34: Urban farming
A35: 34 | B35: Dawis 1 | C35: Urban Farming / Toga | D35: Urban Farming / Toga | E35: 1 | F35: A1/1 | G35: Urban farming
A36: 35 | B36: Dawis 1 | C36: Urban Farming / Toga | D36: Urban Farming / Toga | E36: 1 | F36: A1/27 | G36: Urban farming
A37: 36 | B37: Dawis 1 | C37: Urban Farming / Toga | D37: Urban Farming / Toga | E37: 1 | F37: A1/33 | G37: Urban farming
A39: Baris hijau = fasum. Jumlah kosong = belum tercatat di data asli. Istilah "Kura" dan "Juglangan" ditulis sesuai catatan asli.

Sheet Rekap
A1: Sarpras | B1: Jumlah titik | C1: Total unit tercatat
A2: Bank Samor | B2: =COUNTIF('Daftar Sarpras'!$D$2:$D$37,A2) -> 6 | C2: =SUMIF('Daftar Sarpras'!$D$2:$D$37,A2,'Daftar Sarpras'!$E$2:$E$37) -> 15
A3: Tong Komposter | B3: =COUNTIF('Daftar Sarpras'!$D$2:$D$37,A3) -> 1 | C3: =SUMIF('Daftar Sarpras'!$D$2:$D$37,A3,'Daftar Sarpras'!$E$2:$E$37) -> 1
A4: Compos Bag | B4: =COUNTIF('Daftar Sarpras'!$D$2:$D$37,A4) -> 9 | C4: =SUMIF('Daftar Sarpras'!$D$2:$D$37,A4,'Daftar Sarpras'!$E$2:$E$37) -> 14
A5: Tong Komposter Lindi Jumbo | B5: =COUNTIF('Daftar Sarpras'!$D$2:$D$37,A5) -> 1 | C5: =SUMIF('Daftar Sarpras'!$D$2:$D$37,A5,'Daftar Sarpras'!$E$2:$E$37) -> 1
A6: Eco Enzym | B6: =COUNTIF('Daftar Sarpras'!$D$2:$D$37,A6) -> 2 | C6: =SUMIF('Daftar Sarpras'!$D$2:$D$37,A6,'Daftar Sarpras'!$E$2:$E$37) -> 6
A7: Biopori | B7: =COUNTIF('Daftar Sarpras'!$D$2:$D$37,A7) -> 1 | C7: =SUMIF('Daftar Sarpras'!$D$2:$D$37,A7,'Daftar Sarpras'!$E$2:$E$37) -> 4
A8: Gallon Kura | B8: =COUNTIF('Daftar Sarpras'!$D$2:$D$37,A8) -> 1 | C8: =SUMIF('Daftar Sarpras'!$D$2:$D$37,A8,'Daftar Sarpras'!$E$2:$E$37) -> 2
A9: Tong Kura | B9: =COUNTIF('Daftar Sarpras'!$D$2:$D$37,A9) -> 2 | C9: =SUMIF('Daftar Sarpras'!$D$2:$D$37,A9,'Daftar Sarpras'!$E$2:$E$37) -> 1
A10: Compos Bag Jumbo | B10: =COUNTIF('Daftar Sarpras'!$D$2:$D$37,A10) -> 1 | C10: =SUMIF('Daftar Sarpras'!$D$2:$D$37,A10,'Daftar Sarpras'!$E$2:$E$37) -> 1
A11: Karung Kura | B11: =COUNTIF('Daftar Sarpras'!$D$2:$D$37,A11) -> 1 | C11: =SUMIF('Daftar Sarpras'!$D$2:$D$37,A11,'Daftar Sarpras'!$E$2:$E$37) -> 0
A12: Juglangan | B12: =COUNTIF('Daftar Sarpras'!$D$2:$D$37,A12) -> 1 | C12: =SUMIF('Daftar Sarpras'!$D$2:$D$37,A12,'Daftar Sarpras'!$E$2:$E$37) -> 5
A13: Urban Farming / Toga | B13: =COUNTIF('Daftar Sarpras'!$D$2:$D$37,A13) -> 10 | C13: =SUMIF('Daftar Sarpras'!$D$2:$D$37,A13,'Daftar Sarpras'!$E$2:$E$37) -> 10
A14: Total | B14: =SUM(B2:B13) -> 36 | C14: =SUM(C2:C13) -> 60
